171,workshop errand Packard,pro dialogue just basin allotting contusion Gus utility clap,58.44,Events,email
231,Bingham adjacent ellipse,rubbery commiserate warehouse postal wrongdoer psychology transshipping Bhagavadgita anywhere,169.85,All,email
83,finitude pout yule,impair terrible preferred reptilian stub escadrille doorway bough chanson,81.34,Events,email
344,creosote sin susceptance,siskin eagle workshop wainscot sanction amethystine Schiller Kaufman exorcist,111.17,Appliances,email
300,child Hawthorne grotto,chicory ministry noise strength MacDonald just picayune brain Marie,48.73,School Supplies,personalemail
362,conscript painful helpful,genital Hesperus crayfish erode Garry elephant gave thymine Moiseyev,186.71,Textbooks,phonenumber
400,acceptor kiddie collage,promiscuous aggressive Deirdre cardboard Ostrander sob contaminant burgess Orestes,129.92,Events,personalemail
347,modish Moreland Wallis,amuse possum ingenuous simulate breathy decolletage Schnabel whimsy inhibitor,172.92,Furniture,personalemail
126,espionage kingpin cathode,seize hazelnut bodybuilder believe whom tempo nap splay chlorine,66.45,Appliances,email
296,Gilligan Cinerama airframe,aerate bricklaying sanctify pact skinny depletion artifact asymmetry pawnbroker,140.23,Food,phonenumber
288,autocracy highwayman soignee,excommunicate gibbet shod zeroes mild twig rubdown crossarm Antoinette,45.52,Electronics,phonenumber
50,languish sculpture thunderflow,epidermic melodramatic winsome certify inland dozen coquette dissipate reinstate,99.38,Appliances,personalemail
166,surface anorthite surefire,skeletal Goa degumming maxim panel brandywine hopple annex Amherst,40.54,Beauty and Personal Care,email
215,benign lenient diligent,Randall Schmitt pit alien dissemble basil relic hardwood Millikan,69.69,Electronics,personalemail
139,wove Algonquin otherworld,polarimeter bewitch Flagstaff merciful sign sear alumina rawhide nilpotent,21.81,Events,phonenumber
376,rhinoceros sonant site,herb heartthrob rubidium sequent dexter attitude route bushy individuate,180.29,All,personalemail
314,royalty gnomonic wangle,tweak Borg Blythe lineprinter axle Rumania earthworm Lubell introit,100.16,Textbooks,email
140,Grumman whereon foundation,fleeing Norman doorkeeper solute linoleum concertmaster Thorstein bestselling aviary,102.18,All,personalemail
254,Monty Socratic strap,sold physiology Hankel Nietzsche integrand Springfield annulled Trobriand springy,75.42,Food,email
17,maxwell fishy pipette,nurse apropos gramophone Borden hardboard animadversion indict gangling personnel,32.08,Clothes,personalemail
83,protrusion anastomosis Stuart,write heptane Bernardino indenture verve Whelan impossible Manchuria snowstorm,113.55,School Supplies,email
229,jovial sparge silicide,chisel simple Montpelier ant prayerful typhoid cannabis saddlebag regulate,10.71,Events,personalemail
305,manual everyman mulligan,finitude feminism snook Bessel deed pause wapiti adiabatic Eisenhower,66.26,School Supplies,email
16,amphibole conscience Lissajous,insouciant nag cleft spare hydrogen megaton replicate galley midsection,63.22,Appliances,email
191,Leonard hypertensive celandine,Puritan Cherokee Weierstrass producible Chartres cluck dexter luncheon orchestral,103.5,Food,phonenumber
297,writ plaza mortgagee,episcopal flaky devastate Wendy Lodowick madrigal distinguish opinionate shifty,41.91,Furniture,personalemail
165,gunpowder crank brocade,salacious invoice David agenda divan stanchion martin Berea sweet,99.41,Beauty and Personal Care,personalemail
337,augment Apollo congruent,Connecticut Callaghan effete Marion divination croak Priam yachtsmen flounce,187.74,Appliances,phonenumber
281,lore lobe that'd,matriarchal referral sought amaranth epistolatory tab demark croak Paraguayan,154.08,Software,phonenumber
282,divide escapee humidify,eidetic emigree Hausdorff Faust glamor taffeta cadaverous stupa very,79.69,Events,personalemail
102,psychoses dispensable vice,naked versa coffee luger Moluccas follicle Hendrickson whom Bateman,133.73,Clothes,phonenumber
324,bobcat yield reflexive,Aberdeen acid delirious gilbert glimpse ecology mastiff Ponce aviate,158.03,Food,phonenumber
243,languid coprinus petite,O'Connor instantaneous morale stunk seep corruptible midget sans postmark,81.67,Events,phonenumber
255,opus Ainu praiseworthy,circulatory hereinbelow necromancer arrow humility inextricable sworn private viburnum,166.77,All,personalemail
35,jumpy ejector frontier,Camembert severalfold evergreen Atchison scout bide invigorate fateful pompey,160.01,School Supplies,email
123,Pappas acrimony goldfish,continuation kaolin varistor prison scout plaything tendon bipartite turntable,50.71,Clothes,email
85,photometry nearby pulley,Palladian Jung muskellunge Tacoma Rydberg nose earmark tiny Paterson,106.87,Furniture,personalemail
162,Heuser whine acronym,anybody Vaudois Slavic Sanford mosque nroff foliage hope typography,131.42,Furniture,personalemail
362,mare tech objector,Madeline wharves crafty renounce constitution crest tailspin attendee Bellini,98.61,Electronics,phonenumber
263,Lancelot obligate locale,lawgiving MacGregor Sal accrual turmeric rick GA inconsolable mini,147.7,Food,email
247,judge Pizarro uterine,propriety pail Barnhard contraception mestizo digestive blunder footpad artichoke,198.09,Textbooks,email
90,chantry delta vertebrae,spec asset Dhabi weal inimical woody looseleaf patriarch sapphire,187.85,Beauty and Personal Care,email
379,aliphatic downpour Switzerland,snowstorm coppery enmity twosome seamstress Shari would skiddy SD,123.76,School Supplies,personalemail
76,guidebook wrongdoer adoptive,septic bank Kafka cormorant speakeasy Boeotia mulligatawny syllabi velocity,69.71,All,email
314,fisherman laconic fanfare,depredation Cairo bottlecap showplace menial tartar usurious Dalton uncouth,110.01,All,email
113,bank palsy proletariat,longhorn hoopla reminiscent involve interpret Gustavus Dionysus flurry communicate,193.01,Events,personalemail
328,transshipping nearsighted cani,Danubian slacken Cardiff thrifty hickory Parr nitty Lowry bookshelf,164.84,Software,phonenumber
44,steamboat sour career,arccos Chen got skyline stow biddy marginalia intolerable woodland,183.25,Beauty and Personal Care,personalemail
307,Greenblatt remediable cram,Appian eavesdrop begrudge coaxial rapacious sadism merit Cincinnati Rinehart,127.35,Beauty and Personal Care,phonenumber
283,tang exoskeleta clean,poach refrigerate drove grey Somerset Clinton surface irreproachable instrumentation,112.97,Electronics,personalemail
288,Bulgaria Manitoba deposition,lavabo Medea Marx amity eft checkpoint transconductance lithospheric gluttonous,76.82,Electronics,personalemail
205,conveyance Jonathan monetary,shaky countrify casserole chosen adjectival litmus Noll Drury frolicked,11.89,Food,phonenumber
221,lighthearted pardon Bayesian,cit tableland Rudolf vicinity Cheddar glottis intervention epiphyseal Tulane,18.27,All,phonenumber
207,glimmer Philistine encumber,incantation frolic sovereign pill Massachusetts welfare benzene penance hateful,101.45,Beauty and Personal Care,phonenumber
261,kale menopause luxe,twofold regimen abscess redneck quirk burdock Lancaster Laurentian spheric,106.35,Clothes,phonenumber
389,Davy hooch tendency,incorruptible neuropathology kick egalitarian edible Henri assess charismatic Magdalene,85.73,Food,email
333,fungible visa triune,liable soup exogamous Melville Foxhall mirror sovereign bade holden,80.3,Food,email
285,Sherman powder dollar,Clarendon juncture contradict tang indelible extracurricular sunbonnet appoint Vancouver,86.56,Beauty and Personal Care,email
375,strophe Bassett Dusenberg,Kirkpatrick than quetzal universal kidney tack delineate petition astronaut,75.75,Appliances,phonenumber
92,Borealis airmail glamor,eucre Scribners nine vodka blameworthy polymeric victor Whipple boo,100.03,All,personalemail
139,drainage fortieth monoxide,cursor huge dusk never comprise bedside Eastwood Heusen mnemonic,108.29,Software,personalemail
137,Berwick Kirchner Menlo,trestle seed waterfall Pleistocene voltaic spokesperson oases virgule digestible,104.95,Clothes,phonenumber
112,similar Angora crumb,panicked mimicked buckshot connect shriek stater sedate Kessler leachate,106.54,Electronics,phonenumber
21,Anton alan lariat,criss chant beset sulfonamide aloft foist spirochaete metal Nubia,53.44,All,personalemail
158,dewy maxwell fungal,multiple Percival titmice diplomat fob pathbreaking adverse enrollee roister,168.37,Clothes,personalemail
179,fletch Plainfield fissure,sulk state pegboard trefoil fuel digit fennel stoneware delicacy,176.64,Textbooks,personalemail
182,feline Barbour sewage,coefficient Andromeda USDA penurious trafficking hereto affable Watanabe towhee,184.29,School Supplies,phonenumber
353,pluperfect insufferable elasto,sprang SD eukaryote wood fade log jubilant financial visitor,94.16,All,personalemail
5,vs damage Jungian,bookshelf lazy inconceivable geometer rufous nebulous bicep withdrew Luftwaffe,175.84,Furniture,personalemail
47,famine acropolis horseman,Clemens singe pinochle component proclivity prudish horizon agronomy Sandia,171.11,Furniture,personalemail
263,ammonia forgot septa,bead desiderata thick nib viewpoint itinerant drumhead Gaspee pater,117.88,Software,phonenumber
396,trash droop irradiate,vasoconstriction Costa tenacity cud triangular Cumberland haddock treat pail,195.18,Events,personalemail
314,penis blaspheme Charlotte,aloof argillaceous Fedora faulty signpost perilous forborne Pericles begin,131.63,Clothes,personalemail
324,Josephson judo veracious,grebe CBS Hathaway genial grantee Siemens cheap matrilineal celesta,117.19,Software,personalemail
69,bullwhack millionfold bush,shipwreck abut forget length eosine ashy buildup darkle awake,85.81,Food,personalemail
158,glimpse reach Bois,stigma Pentecost slander gar procession carrageen anvil prodigy offload,74.95,Electronics,personalemail
226,candidate transudate hedonism,men washbasin ceasefire fatuous itch binomial bald Boca grumble,128.6,Beauty and Personal Care,email
177,slit trounce disposable,barfly rhesus allude tedium eclipse annulling shadflower fad architect,67.43,Software,email
69,Heusen depot habitation,osteopathy pulpit wet grandma extravaganza windy match jobholder fireman,142.84,Textbooks,email
207,fib Healy Netherlands,embargo equanimity horticulture necktie exploitation Stirling hey Chao tough,54.82,Beauty and Personal Care,email
382,compelled emigree Norse,spatula accord Deanna spatterdock twisty simmer progenitor impatient salvation,107.87,School Supplies,phonenumber
235,diathesis compatriot Cheney,null gauge Hertzog limpet deject myriad declare scribe iliac,195.58,Textbooks,phonenumber
376,Dominic intrusion compress,chalky yipping wavenumber injury schlieren hemlock tarpaper negligent Casanova,172.95,Events,phonenumber
174,bivouac alien morel,charm unitarian Alabamian continuant Pentecost cotty cryostat oceanographer got,143.06,All,email
63,impish oligopoly granddaughter,grandstand Louis Walden punitive goad FPC butadiene Amoco yourselves,94.03,Beauty and Personal Care,email
227,transposition chromium polygon,list irrational exhale draw splash draught eyewitness dominion carousel,143.39,Appliances,personalemail
36,park committed addition,Angola larkspur Aeolus love trounce rhinestone Gould lecher comma,102.01,Appliances,email
44,reproach Atlantis Nolan,McCann Gil descendent nucleolus diaphanous Einstein Jennings laissez datura,184.51,All,personalemail
93,Donner innuendo insinuate,Anton exogenous bract gam pharmacist fluorite shelf homage jack,124.77,Clothes,email
390,spiny gander slip,eyepiece impasse baron touchy paw elastic rental Assyriology foothill,14.0,Software,personalemail
357,Santo systematic Jew,squill monopoly sardonic sailboat afresh proctor cofactor acknowledgeable courtroom,191.9,Electronics,personalemail
45,veto tootle lunatic,homeward e Virgil transition wife grab cantaloupe slum earl,130.44,Beauty and Personal Care,email
368,urea damask prurient,lobby decry puritanic nomograph Chungking Ursuline cadre spinoff Charlottesville,55.06,Beauty and Personal Care,phonenumber
115,retroactive phrasemake July,madman knives latus gallivant respondent blend starlet mantis declamatory,65.03,Food,personalemail
326,adversary mindful spheroidal,constant visual reprise beatnik Harvard surreptitious teleprompter dugong trident,67.69,Electronics,email
135,adrenaline defy oppose,Molly carbonate tortoiseshell decedent parasite heel Protozoa Fairfax macromolecular,74.03,Software,email
192,eleven deposition patrolling,modish grandchildren Duane orthography transference dam chigger deign sandblast,39.19,Events,personalemail
48,briefcase allergy committable,wireman camellia mercurial l'oeil talky greed vii transportation bedtime,89.44,Events,personalemail
147,antiquary nurse crash,Frye muzzle spinach sowbug Dusenbury oar Baltic titanic elk,199.09,Textbooks,email
190,loop QED signal,homeopathic wintry Eocene ensconce Eugene Sylvania difficulty beefy musculature,170.58,Furniture,personalemail
